Images,Titles,Brands,Actual Prices,Sales Prices,Discounts,Categories
https://rukminim2.flixcart.com/image/612/612/xif0q/t-shirt/x/g/0/s-tsrt-moq2-kajaru-original-imah2gfgfu4cpzgp.jpeg?q=70,"Men Printed Round Neck Polyester Pink, Green T-Shirt",KAJARU,"₹1,499",₹171,88% off,Hot Deal
https://rukminim2.flixcart.com/image/612/612/xif0q/t-shirt/g/n/m/s-mario-combraided-original-imaha894br7xjtqq.jpeg?q=70,Men Self Design Polo Neck Polycotton Black T-Shirt,COMBRAIDED,"₹1,499",₹294,80% off,Hot Deal
https://rukminim2.flixcart.com/image/612/612/xif0q/t-shirt/y/d/2/m-polo-8016-kajaru-original-imah8qyjz99gfng8.jpeg?q=70,Men Self Design Polo Neck Polyester Pink T-Shirt,KAJARU,₹999,₹294,70% off,Hot Deal
https://rukminim2.flixcart.com/image/612/612/xif0q/t-shirt/p/9/h/l-aa-arn-black-299-benny-brooks-original-imahdy8dck34bzg8.jpeg?q=70,Men Graphic Print Round Neck Cotton Blend Black T-Shirt,Benny Brooks,"₹1,099",₹292,73% off,Only few left
https://rukminim2.flixcart.com/image/612/612/xif0q/t-shirt/a/8/w/s-tpgrblhn-dp-d145-tripr-original-imahcgggbmzpvcs3.jpeg?q=70,"Men Solid Mandarin Collar Cotton Blend Dark Green, Blac...",TRIPR,"₹1,999",₹251,87% off,Hot Deal
https://rukminim2.flixcart.com/image/612/612/xif0q/t-shirt/b/9/h/s-tnv-mrrnplaind164-tripr-original-imah7usgayvndjub.jpeg?q=70,Pack of 2 Men Solid Round Neck Cotton Blend Multicolor ...,TRIPR,"₹1,499",₹305,79% off,
https://rukminim2.flixcart.com/image/612/612/xif0q/t-shirt/l/e/8/s-ts120-vebnor-original-imahcuxyy85pmjgz.jpeg?q=70,Men Printed Polo Neck Polyester Dark Blue T-Shirt,VeBNoR,₹999,₹257,74% off,Only few left
https://rukminim2.flixcart.com/image/612/612/xif0q/t-shirt/3/n/e/s-t6-black-19x-teezler-original-imah92fgxzuvhgcv.jpeg?q=70,Men Printed Round Neck Polycotton Black T-Shirt,StyleFlick,"₹1,299",₹268,79% off,Only few left
https://rukminim2.flixcart.com/image/612/612/xif0q/t-shirt/m/o/z/l-st-6023-maroon-smartees-original-imahbhm7fsw2cthu.jpeg?q=70,Men Printed Round Neck Cotton Blend Maroon T-Shirt,Smartees,"₹1,599",₹398,75% off,Only few left
https://rukminim2.flixcart.com/image/612/612/xif0q/t-shirt/l/v/z/l-fmt223-boston-grey-force-original-imah8cwhxqbrurcw.jpeg?q=70,Men Printed Round Neck Cotton Blend Grey T-Shirt,Force,"₹1,999",₹266,86% off,Hot Deal
https://rukminim2.flixcart.com/image/612/612/xif0q/shopsy-t-shirt/k/e/c/l-tblhnful-spy-d144-tripr-original-imahcjtu6ghwgpk7.jpeg?q=70,Men Solid Henley Neck Cotton Blend Black T-Shirt,TRIPR,"₹1,999",₹235,88% off,Hot Deal
https://rukminim2.flixcart.com/image/612/612/xif0q/t-shirt/v/a/r/l-twtblpolofull-p35-tripr-original-imah9k38fy3gfynh.jpeg?q=70,"Men Self Design Polo Neck Cotton Blend White, Black T-S...",TRIPR,₹999,₹346,65% off,Hot Deal
https://rukminim2.flixcart.com/image/612/612/xif0q/t-shirt/e/d/c/xxl-mens-strip-polo-hs-black-red-tb-blue-original-imahfdzkrtqyqtzx.jpeg?q=70,"Men Striped Polo Neck Cotton Blend Black, Red T-Shirt",TB Blue,"₹1,299",₹299,76% off,Hot Deal
https://rukminim2.flixcart.com/image/612/612/xif0q/t-shirt/l/v/t/xl-flip5-hardik-pandya-iindia-09-t20-2024-yclothy-original-imah5vxggnchfy2q.jpeg?q=70,"Men Printed Round Neck Polyester Blue, Orange T-Shirt",ponss,₹899,₹300,66% off,Hot Deal
https://rukminim2.flixcart.com/image/612/612/xif0q/t-shirt/m/z/z/l-22411786-hrx-by-hrithik-roshan-original-imagshmkdpfgxj2w.jpeg?q=70,Men Solid Round Neck Polyester Maroon T-Shirt,HRX by Hrithik Roshan,₹699,₹251,64% off,Only few left
https://rukminim2.flixcart.com/image/612/612/xif0q/t-shirt/a/j/m/xxl-casual-blk-magneto-original-imahc7ggh9a8mfsa.jpeg?q=70,Men Printed Crew Neck Pure Cotton White T-Shirt,Magneto,"₹1,299",₹339,73% off,Hot Deal
https://rukminim2.flixcart.com/image/612/612/xif0q/t-shirt/r/m/i/l-mario-combraided-original-imaha89bqahtbycz.jpeg?q=70,Men Self Design Polo Neck Polycotton Black T-Shirt,COMBRAIDED,"₹1,499",₹294,80% off,Hot Deal
https://rukminim2.flixcart.com/image/612/612/xif0q/t-shirt/g/k/l/m-tmr-gy-ogrrnplaind164-tripr-original-imah7usgu45zyd5f.jpeg?q=70,Pack of 3 Men Solid Round Neck Cotton Blend Multicolor ...,TRIPR,"₹1,999",₹413,79% off,Hot Deal
https://rukminim2.flixcart.com/image/612/612/xif0q/t-shirt/l/m/a/s-ncc-tshirt-r-me-original-imah9tvcgzxtbr8k.jpeg?q=70,Men Solid Polo Neck Cotton Blend White T-Shirt,R-ME,₹999,₹297,70% off,Only few left
https://rukminim2.flixcart.com/image/612/612/xif0q/t-shirt/s/c/l/xl-urm027761p-urgear-original-imahcd5abxqchcxh.jpeg?q=70,Men Printed Round Neck Cotton Blend Black T-Shirt,UrGear,"₹1,299",₹339,73% off,Only few left
https://rukminim2.flixcart.com/image/612/612/xif0q/t-shirt/q/c/s/xxl-tmrblpolofull-p35-tripr-original-imahaaz8wqkaagzy.jpeg?q=70,Men Self Design Polo Neck Cotton Blend Maroon T-Shirt,TRIPR,₹999,₹328,67% off,Hot Deal
https://rukminim2.flixcart.com/image/612/612/xif0q/t-shirt/s/m/z/xl-tsrt-22-kajaru-original-imah5z35b7c7zyyn.jpeg?q=70,Men Self Design Round Neck Polyester White T-Shirt,KAJARU,₹999,₹275,72% off,Hot Deal
https://rukminim2.flixcart.com/image/612/612/xif0q/t-shirt/p/o/h/xs-db1024-3bros-original-imah2gbagpw87ycp.jpeg?q=70,Men Solid Polo Neck Cotton Blend Pink T-Shirt,3BROS,₹999,₹313,68% off,Hot Deal
https://rukminim2.flixcart.com/image/612/612/xif0q/t-shirt/o/1/3/l-plain-m2hit-original-imahcyapk2yxhte5.jpeg?q=70,Men Solid Polo Neck Pure Cotton Grey T-Shirt,M TEX,₹499,₹226,54% off,Hot Deal
https://rukminim2.flixcart.com/image/612/612/xif0q/t-shirt/a/e/4/m-polo-8015-kajaru-original-imahcy9yenqrzrtp.jpeg?q=70,Men Self Design Polo Neck Polyester Pink T-Shirt,KAJARU,₹999,₹294,70% off,
https://rukminim2.flixcart.com/image/612/612/xif0q/t-shirt/f/g/x/l-collar-tshirt-for-men-n-and-j-original-imah9n9u4hawk9uq.jpeg?q=70,Men Solid Polo Neck Polyester Purple T-Shirt,N AND J,₹799,₹295,63% off,Hot Deal
https://rukminim2.flixcart.com/image/612/612/xif0q/t-shirt/c/j/l/s-togr-mrhnful-d144-tripr-original-imahdya5xyzymaxm.jpeg?q=70,Pack of 2 Men Solid Henley Neck Cotton Blend Dark Green...,TRIPR,"₹1,999",₹480,75% off,
https://rukminim2.flixcart.com/image/612/612/xif0q/t-shirt/7/c/z/m-polo-8014-kajaru-original-imah8musp4nxpaub.jpeg?q=70,Men Self Design Polo Neck Polyester Dark Green T-Shirt,KAJARU,₹999,₹304,69% off,Hot Deal
https://rukminim2.flixcart.com/image/612/612/xif0q/t-shirt/y/c/c/xl-ncc-tshirt-r-me-original-imah9nfbsqhuqwuz.jpeg?q=70,Men Solid Polo Neck Polycotton Blue T-Shirt,R-ME,₹999,₹297,70% off,Only few left
https://rukminim2.flixcart.com/image/612/612/xif0q/t-shirt/7/a/z/xl-ts36-vebnor-original-imahbyggbtzhfehy.jpeg?q=70,Men Solid Polo Neck Polyester Green T-Shirt,VeBNoR,₹999,₹256,74% off,
https://rukminim2.flixcart.com/image/612/612/xif0q/t-shirt/f/3/1/m-fsmtsrt-2043-kajaru-original-imah98wy5hhmg32p.jpeg?q=70,Men Printed Round Neck Polyester Green T-Shirt,KAJARU,₹999,₹294,70% off,Hot Deal
https://rukminim2.flixcart.com/image/612/612/xif0q/shopsy-t-shirt/x/f/x/m-723-1-2-5-7-shopglobal-original-imah7eegpgsgzww9.jpeg?q=70,Pack of 4 Men Solid Round Neck Polyester Multicolor T-S...,FTX,"₹1,499",₹372,75% off,Hot Deal
https://rukminim2.flixcart.com/image/612/612/xif0q/t-shirt/x/m/p/s-ges2888-gespo-original-imahcgvtkh9rggw7.jpeg?q=70,Men Printed Round Neck Pure Cotton Maroon T-Shirt,GESPO,"₹1,499",₹429,71% off,Only few left
https://rukminim2.flixcart.com/image/612/612/xif0q/t-shirt/t/k/c/m-gf2024-g22ki-bp-khelo-india-t-shirt-back-printed-gymfit-original-imahd98ngk7jsg9y.jpeg?q=70,"Men Printed, Self Design Polo Neck Polyester White, Blu...",Gymfit,"₹1,299",₹383,70% off,Hot Deal
https://rukminim2.flixcart.com/image/612/612/xif0q/t-shirt/0/c/s/xl-men-polyester-compression-half-sleeves-tshirt-kyk-original-imagn8mndejjmus7.jpeg?q=70,Men Solid Round Neck Nylon Black T-Shirt,Kyk,₹499,₹299,40% off,Hot Deal
https://rukminim2.flixcart.com/image/612/612/xif0q/t-shirt/4/0/x/m-ts85-vebnor-original-imah9hsg2dbgq7wp.jpeg?q=70,Men Solid Round Neck Polyester Blue T-Shirt,VeBNoR,₹999,₹254,74% off,Hot Deal
https://rukminim2.flixcart.com/image/612/612/xif0q/t-shirt/i/u/7/xxl-tgy-nvrnplaind164-tripr-original-imah8cnndmgtgbxx.jpeg?q=70,"Pack of 2 Men Solid Round Neck Cotton Blend Blue, Grey ...",TRIPR,"₹1,499",₹305,79% off,Hot Deal
https://rukminim2.flixcart.com/image/612/612/xif0q/t-shirt/u/z/b/-original-imagyk8pfc6fsn2h.jpeg?q=70,Men Solid Round Neck Polyester Black T-Shirt,Kyk,₹749,₹319,57% off,Hot Deal
https://rukminim2.flixcart.com/image/612/612/xif0q/t-shirt/8/y/s/xxl-barcelona-white-away-football-jersey-bodysports-co-original-imah57rjtqsgmw6m.jpeg?q=70,"Men Printed, Typography Crew Neck Elastane White T-Shir...",Bodysports.co,₹899,₹360,59% off,Hot Deal
https://rukminim2.flixcart.com/image/612/612/xif0q/t-shirt/r/u/k/xxl-ausk1148-1191-ausk-original-imahbneugfu4fqcv.jpeg?q=70,"Pack of 2 Men Printed Round Neck Cotton Blend Maroon, G...",AUSK,"₹2,998",₹478,84% off,Only few left
https://rukminim2.flixcart.com/image/612/612/xif0q/t-shirt/g/n/m/s-mario-combraided-original-imaha894br7xjtqq.jpeg?q=70,Men Self Design Polo Neck Polycotton Black T-Shirt,COMBRAIDED,"₹1,499",₹294,80% off,Hot Deal
https://rukminim2.flixcart.com/image/612/612/xif0q/t-shirt/a/8/w/s-tpgrblhn-dp-d145-tripr-original-imahcgggbmzpvcs3.jpeg?q=70,"Men Solid Mandarin Collar Cotton Blend Dark Green, Blac...",TRIPR,"₹1,999",₹251,87% off,Hot Deal
https://rukminim2.flixcart.com/image/612/612/xif0q/t-shirt/o/x/h/xxl-cut-sleeve-cap-zenfit-original-imah6fz5whehfuwx.jpeg?q=70,"Men Colorblock Hooded Neck Polyester Light Green, Black...",zenfit,₹999,₹277,72% off,Only few left
https://rukminim2.flixcart.com/image/612/612/xif0q/t-shirt/j/b/q/xl-31677814-here-now-original-imahbbauzks4fucu.jpeg?q=70,Men Printed Round Neck Pure Cotton Green T-Shirt,HERE&NOW,"₹1,499",₹539,64% off,Only few left
https://rukminim2.flixcart.com/image/612/612/xif0q/t-shirt/b/9/h/s-tnv-mrrnplaind164-tripr-original-imah7usgayvndjub.jpeg?q=70,Pack of 2 Men Solid Round Neck Cotton Blend Multicolor ...,TRIPR,"₹1,499",₹305,79% off,
https://rukminim2.flixcart.com/image/612/612/xif0q/t-shirt/i/m/s/s-mlt-men-printed-round-neck-polyester-black-and-white-t-shirt-original-imahccf6gswnqm6r.jpeg?q=70,Pack of 2 Men Printed Round Neck Polyester Multicolor T...,wike denimes,₹699,₹279,60% off,Only few left
https://rukminim2.flixcart.com/image/612/612/xif0q/shopsy-t-shirt/k/e/c/l-tblhnful-spy-d144-tripr-original-imahcjtu6ghwgpk7.jpeg?q=70,Men Solid Henley Neck Cotton Blend Black T-Shirt,TRIPR,"₹1,999",₹235,88% off,Hot Deal
https://rukminim2.flixcart.com/image/612/612/xif0q/t-shirt/v/a/r/l-twtblpolofull-p35-tripr-original-imah9k38fy3gfynh.jpeg?q=70,"Men Self Design Polo Neck Cotton Blend White, Black T-S...",TRIPR,₹999,₹346,65% off,Hot Deal
https://rukminim2.flixcart.com/image/612/612/xif0q/t-shirt/q/x/m/s-t285hs-as7whdnmt-eyebogler-original-imahc6j2bakey4mn.jpeg?q=70,"Men Striped Polo Neck Cotton Blend White, Blue, Yellow ...",EyeBogler,"₹1,299",₹287,77% off,Hot Deal
https://rukminim2.flixcart.com/image/612/612/xif0q/t-shirt/5/r/p/s-tblhn-d144-tripr-original-imahcyzwhgywmh3j.jpeg?q=70,Men Solid Mandarin Collar Cotton Blend Black T-Shirt,TRIPR,"₹1,499",₹189,87% off,Hot Deal
https://rukminim2.flixcart.com/image/612/612/xif0q/t-shirt/r/m/i/l-mario-combraided-original-imaha89bqahtbycz.jpeg?q=70,Men Self Design Polo Neck Polycotton Black T-Shirt,COMBRAIDED,"₹1,499",₹294,80% off,Hot Deal
https://rukminim2.flixcart.com/image/612/612/xif0q/t-shirt/g/k/l/m-tmr-gy-ogrrnplaind164-tripr-original-imah7usgu45zyd5f.jpeg?q=70,Pack of 3 Men Solid Round Neck Cotton Blend Multicolor ...,TRIPR,"₹1,999",₹413,79% off,Hot Deal
https://rukminim2.flixcart.com/image/612/612/xif0q/t-shirt/p/b/7/xl-1-ts-3009-blck-houseofcommon-original-imah7tuzjbhsu45e.jpeg?q=70,Men Colorblock Round Neck Cotton Blend Black T-Shirt,HouseOfCommon,₹999,₹130,86% off,Only few left
https://rukminim2.flixcart.com/image/612/612/xif0q/t-shirt/g/k/l/m-tmr-gy-ogrrnplaind164-tripr-original-imah7usgu45zyd5f.jpeg?q=70,Pack of 3 Men Solid Round Neck Cotton Blend Multicolor ...,TRIPR,"₹1,999",₹413,79% off,Hot Deal
https://rukminim2.flixcart.com/image/612/612/xif0q/t-shirt/q/c/s/xxl-tmrblpolofull-p35-tripr-original-imahaaz8wqkaagzy.jpeg?q=70,Men Self Design Polo Neck Cotton Blend Maroon T-Shirt,TRIPR,₹999,₹328,67% off,Hot Deal
https://rukminim2.flixcart.com/image/612/612/xif0q/t-shirt/k/v/7/xxl-ts85-vebnor-original-imah9hsrcrybdyhq.jpeg?q=70,Men Solid Round Neck Polyester Light Green T-Shirt,VeBNoR,₹999,₹254,74% off,Hot Deal
https://rukminim2.flixcart.com/image/612/612/xif0q/t-shirt/s/m/z/xl-tsrt-22-kajaru-original-imah5z35b7c7zyyn.jpeg?q=70,Men Self Design Round Neck Polyester White T-Shirt,KAJARU,₹999,₹275,72% off,Hot Deal
https://rukminim2.flixcart.com/image/612/612/xif0q/t-shirt/0/h/8/s-tsrt-moq2-kajaru-original-imah8yzgyqvkyyfb.jpeg?q=70,"Men Printed Round Neck Polyester Green, Light Green T-S...",KAJARU,₹999,₹164,83% off,Lowest price since launch
https://rukminim2.flixcart.com/image/612/612/xif0q/t-shirt/q/r/i/4xl-68709201-puma-original-imahcm8aczcsqmtc.jpeg?q=70,Men Printed Crew Neck Cotton Blend Black T-Shirt,PUMA,"₹1,499",₹639,57% off,Hot Deal
https://rukminim2.flixcart.com/image/612/612/xif0q/t-shirt/n/q/d/s-st-6038-black-smartees-original-imahbhm7b3mhkndg.jpeg?q=70,Men Printed Round Neck Cotton Blend Black T-Shirt,Smartees,"₹1,599",₹398,75% off,Only few left
https://rukminim2.flixcart.com/image/612/612/xif0q/t-shirt/c/j/l/s-togr-mrhnful-d144-tripr-original-imahdya5xyzymaxm.jpeg?q=70,Pack of 2 Men Solid Henley Neck Cotton Blend Dark Green...,TRIPR,"₹1,999",₹480,75% off,
https://rukminim2.flixcart.com/image/612/612/xif0q/t-shirt/f/3/1/m-fsmtsrt-2043-kajaru-original-imah98wy5hhmg32p.jpeg?q=70,Men Printed Round Neck Polyester Green T-Shirt,KAJARU,₹999,₹294,70% off,Hot Deal
https://rukminim2.flixcart.com/image/612/612/xif0q/t-shirt/t/c/s/xxl-n4107a-austin-wood-original-imagpbygzxfgyvhc.jpeg?q=70,Men Striped Polo Neck Cotton Blend Navy Blue T-Shirt,Austin Wood,"₹1,499",₹379,74% off,Hot Deal
https://rukminim2.flixcart.com/image/612/612/xif0q/t-shirt/y/p/7/m-bpcl-uniform-unisim-original-imah4c6ypbwjzwtk.jpeg?q=70,Men Colorblock Polo Neck Polycotton Blue T-Shirt,UNISIM,₹799,₹380,52% off,Hot Deal
https://rukminim2.flixcart.com/image/612/612/xif0q/t-shirt/0/c/s/xl-men-polyester-compression-half-sleeves-tshirt-kyk-original-imagn8mndejjmus7.jpeg?q=70,Men Solid Round Neck Nylon Black T-Shirt,Kyk,₹499,₹299,40% off,Hot Deal
https://rukminim2.flixcart.com/image/612/612/xif0q/t-shirt/f/u/w/-original-imah9zdfwgcbhzn8.jpeg?q=70,Men Printed Polo Neck Cotton Blend Dark Blue T-Shirt,EyeBogler,"₹1,299",₹287,77% off,Hot Deal
https://rukminim2.flixcart.com/image/612/612/xif0q/t-shirt/u/v/j/m-tsrt-catalog-03-kajaru-original-imah563ssygfcfsj.jpeg?q=70,"Pack of 2 Men Striped Round Neck Polyester Dark Green, ...",KAJARU,₹999,₹346,65% off,Hot Deal
https://rukminim2.flixcart.com/image/612/612/xif0q/t-shirt/i/u/7/xxl-tgy-nvrnplaind164-tripr-original-imah8cnndmgtgbxx.jpeg?q=70,"Pack of 2 Men Solid Round Neck Cotton Blend Blue, Grey ...",TRIPR,"₹1,499",₹305,79% off,Hot Deal
https://rukminim2.flixcart.com/image/612/612/xif0q/t-shirt/t/p/x/xl-ges2889-gespo-original-imahcgvtfgyzraxg.jpeg?q=70,Men Printed Round Neck Pure Cotton Yellow T-Shirt,GESPO,"₹1,499",₹429,71% off,Only few left
https://rukminim2.flixcart.com/image/612/612/xif0q/t-shirt/h/8/z/m-ts62-vebnor-original-imah3zmfeyzxewej.jpeg?q=70,Men Printed Polo Neck Polyester Light Green T-Shirt,VeBNoR,₹999,₹166,83% off,Hot Deal
https://rukminim2.flixcart.com/image/612/612/xif0q/t-shirt/u/z/b/-original-imagyk8pfc6fsn2h.jpeg?q=70,Men Solid Round Neck Polyester Black T-Shirt,Kyk,₹749,₹319,57% off,Hot Deal
https://rukminim2.flixcart.com/image/612/612/xif0q/t-shirt/e/e/j/m-tdgy-mrrnplaind164-tripr-original-imah8cnnvybxmj5w.jpeg?q=70,Pack of 2 Men Solid Round Neck Cotton Blend Multicolor ...,TRIPR,"₹1,499",₹305,79% off,Hot Deal
https://rukminim2.flixcart.com/image/612/612/xif0q/t-shirt/a/r/t/m-cu8-virat-kohli18rcb-yutu-original-imahbpxfwhayezma.jpeg?q=70,Men Typography V Neck Polyester Multicolor T-Shirt,YUTU,₹923,₹246,73% off,Only few left
https://rukminim2.flixcart.com/image/612/612/xif0q/t-shirt/e/u/l/xxl-collar-tshirt-for-men-n-and-j-original-imah9n9upxn9u7xg.jpeg?q=70,Men Solid Polo Neck Polyester Light Green T-Shirt,N AND J,₹799,₹295,63% off,Hot Deal
https://rukminim2.flixcart.com/image/612/612/xif0q/t-shirt/d/j/9/xxs-rcb-vrt01-dostitch-original-imahcpdynsw6gtrq.jpeg?q=70,Men Printed V Neck Polyester Multicolor T-Shirt,DOSTITCH,₹999,₹391,60% off,
https://rukminim2.flixcart.com/image/612/612/xif0q/t-shirt/b/h/b/m-mn23-rn-rgln-hs-os-pista-blk-bstn-maniac-original-imahce9ths9jbbqj.jpeg?q=70,Men Colorblock Round Neck Pure Cotton Green T-Shirt,MANIAC,"₹1,659",₹579,65% off,Only few left
https://rukminim2.flixcart.com/image/612/612/xif0q/t-shirt/c/n/c/m-white-black-sky-blue-kroptee-original-imahc4d48hj5vbnw.jpeg?q=70,Men Colorblock Round Neck Pure Cotton Multicolor T-Shir...,Kroptee,₹999,₹315,68% off,Hot Deal
https://rukminim2.flixcart.com/image/612/612/xif0q/t-shirt/f/f/i/s-tbl-gyrnplaind164-tripr-original-imah8cnn82bx8mvh.jpeg?q=70,Pack of 2 Men Solid Round Neck Cotton Blend Multicolor ...,TRIPR,"₹1,499",₹335,77% off,Hot Deal
https://rukminim2.flixcart.com/image/612/612/xif0q/t-shirt/k/4/k/l-ausk0578-ausk-original-imahcw5fwvmzht8v.jpeg?q=70,"Men Checkered Polo Neck Cotton Blend Dark Blue, White T...",AUSK,"₹1,499",₹293,80% off,Hot Deal
https://rukminim2.flixcart.com/image/612/612/xif0q/t-shirt/3/2/j/xl-ts36-vebnor-original-imahbyhrhfwdzptd.jpeg?q=70,Men Solid Polo Neck Polyester Pink T-Shirt,VeBNoR,₹999,₹257,74% off,Hot Deal
https://rukminim2.flixcart.com/image/612/612/xif0q/t-shirt/g/n/m/s-mario-combraided-original-imaha894br7xjtqq.jpeg?q=70,Men Self Design Polo Neck Polycotton Black T-Shirt,COMBRAIDED,"₹1,499",₹294,80% off,Hot Deal
https://rukminim2.flixcart.com/image/612/612/xif0q/t-shirt/a/8/w/s-tpgrblhn-dp-d145-tripr-original-imahcgggbmzpvcs3.jpeg?q=70,"Men Solid Mandarin Collar Cotton Blend Dark Green, Blac...",TRIPR,"₹1,999",₹251,87% off,Hot Deal
https://rukminim2.flixcart.com/image/612/612/xif0q/t-shirt/j/e/u/l-fmt111-zipneck-bk-force-original-imah8a7xwdhzjrz6.jpeg?q=70,Men Solid Zip Neck Cotton Blend Black T-Shirt,Force,"₹1,999",₹318,84% off,Hot Deal
https://rukminim2.flixcart.com/image/612/612/xif0q/t-shirt/g/n/o/m-723-2-5-7-8-ftx-original-imah7fxge5kae8cy.jpeg?q=70,"Pack of 4 Men Solid Round Neck Polyester Silver, Blue, ...",FTX,"₹1,499",₹371,75% off,Hot Deal
https://rukminim2.flixcart.com/image/612/612/xif0q/shopsy-t-shirt/k/e/c/l-tblhnful-spy-d144-tripr-original-imahcjtu6ghwgpk7.jpeg?q=70,Men Solid Henley Neck Cotton Blend Black T-Shirt,TRIPR,"₹1,999",₹235,88% off,Hot Deal
https://rukminim2.flixcart.com/image/612/612/xif0q/t-shirt/w/c/t/s-fmt336-stripe-pink-force-original-imah6tzkgcazg6gf.jpeg?q=70,Men Striped Round Neck Polyester Pink T-Shirt,Force,"₹1,999",₹308,84% off,Hot Deal
https://rukminim2.flixcart.com/image/612/612/xif0q/t-shirt/v/a/r/l-twtblpolofull-p35-tripr-original-imah9k38fy3gfynh.jpeg?q=70,"Men Self Design Polo Neck Cotton Blend White, Black T-S...",TRIPR,₹999,₹346,65% off,Hot Deal
https://rukminim2.flixcart.com/image/612/612/xif0q/t-shirt/r/m/i/l-mario-combraided-original-imaha89bqahtbycz.jpeg?q=70,Men Self Design Polo Neck Polycotton Black T-Shirt,COMBRAIDED,"₹1,499",₹294,80% off,Hot Deal
https://rukminim2.flixcart.com/image/612/612/xif0q/t-shirt/j/j/n/l-jc24-polo-fs-beig-blk-brklyn-41-jump-cuts-original-imahfdfhfgqhgxxy.jpeg?q=70,Men Printed Polo Neck Cotton Blend Beige T-Shirt,Jump Cuts,"₹1,799",₹410,77% off,
https://rukminim2.flixcart.com/image/612/612/xif0q/t-shirt/h/a/c/7xl-4640a-austivo-original-imah2w5gezagdzgd.jpeg?q=70,Men Checkered Polo Neck Cotton Blend Multicolor T-Shirt,Austivo,"₹1,799",₹369,79% off,Hot Deal
https://rukminim2.flixcart.com/image/612/612/xif0q/t-shirt/b/9/h/s-tnv-mrrnplaind164-tripr-original-imah7usgayvndjub.jpeg?q=70,Pack of 2 Men Solid Round Neck Cotton Blend Multicolor ...,TRIPR,"₹1,499",₹305,79% off,
https://rukminim2.flixcart.com/image/612/612/xif0q/t-shirt/g/k/l/m-tmr-gy-ogrrnplaind164-tripr-original-imah7usgu45zyd5f.jpeg?q=70,Pack of 3 Men Solid Round Neck Cotton Blend Multicolor ...,TRIPR,"₹1,999",₹413,79% off,Hot Deal
https://rukminim2.flixcart.com/image/612/612/xif0q/t-shirt/u/g/a/l-21-vrc-blue-magneto-original-imahfjhhf4y9jygg.jpeg?q=70,Men Printed Round Neck Pure Cotton Navy Blue T-Shirt,Magneto,"₹1,299",₹344,73% off,Hot Deal
https://rukminim2.flixcart.com/image/612/612/xif0q/t-shirt/2/z/g/m-oversizetsrt-114-kajaru-original-imah82szb2j8fxg3.jpeg?q=70,Men Striped Round Neck Polycotton Brown T-Shirt,KAJARU,₹999,₹289,71% off,Hot Deal
https://rukminim2.flixcart.com/image/612/612/xif0q/t-shirt/q/c/s/xxl-tmrblpolofull-p35-tripr-original-imahaaz8wqkaagzy.jpeg?q=70,Men Self Design Polo Neck Cotton Blend Maroon T-Shirt,TRIPR,₹999,₹328,67% off,Hot Deal
https://rukminim2.flixcart.com/image/612/612/xif0q/t-shirt/n/g/d/xl-ts25-vebnor-original-imahyhmsfd85zuxj.jpeg?q=70,Pack of 4 Men Self Design Round Neck Polyester Multicol...,VeBNoR,₹999,₹391,60% off,
https://rukminim2.flixcart.com/image/612/612/xif0q/t-shirt/c/j/l/s-togr-mrhnful-d144-tripr-original-imahdya5xyzymaxm.jpeg?q=70,Pack of 2 Men Solid Henley Neck Cotton Blend Dark Green...,TRIPR,"₹1,999",₹480,75% off,
https://rukminim2.flixcart.com/image/612/612/xif0q/t-shirt/a/e/4/m-polo-8015-kajaru-original-imahcy9yenqrzrtp.jpeg?q=70,Men Self Design Polo Neck Polyester Pink T-Shirt,KAJARU,₹999,₹294,70% off,
https://rukminim2.flixcart.com/image/612/612/xif0q/t-shirt/y/d/u/xxl-oa31-realmandridwh2023-uniq-original-imagtbhmcphkfwap.jpeg?q=70,Men Typography Mandarin Collar Polyester Multicolor T-S...,teky,₹899,₹320,64% off,Only few left
https://rukminim2.flixcart.com/image/612/612/xif0q/t-shirt/8/r/b/l-jc24-hnly-hs-white-solid-waffle-jump-cuts-original-imahahef4wxd8tty.jpeg?q=70,Men Solid Henley Neck Polyester White T-Shirt,Jump Cuts,"₹1,399",₹297,78% off,
https://rukminim2.flixcart.com/image/612/612/xif0q/t-shirt/s/m/z/xl-tsrt-22-kajaru-original-imah5z35b7c7zyyn.jpeg?q=70,Men Self Design Round Neck Polyester White T-Shirt,KAJARU,₹999,₹275,72% off,Hot Deal
https://rukminim2.flixcart.com/image/612/612/xif0q/t-shirt/0/h/8/s-tsrt-moq2-kajaru-original-imah8yzgyqvkyyfb.jpeg?q=70,"Men Printed Round Neck Polyester Green, Light Green T-S...",KAJARU,₹999,₹164,83% off,Lowest price since launch
https://rukminim2.flixcart.com/image/612/612/xif0q/t-shirt/o/m/a/-original-imah2z69bawepj5v.jpeg?q=70,Men Self Design Polo Neck Cotton Blend Green T-Shirt,Allen Solly,₹899,₹544,39% off,"Buy 2 items, save extra 5%"
https://rukminim2.flixcart.com/image/612/612/xif0q/t-shirt/j/j/z/s-fmt337-stripe-bn-force-original-imah6w6pqyvjuzsq.jpeg?q=70,Men Striped Round Neck Polyester Brown T-Shirt,Force,"₹1,999",₹308,84% off,Hot Deal
https://rukminim2.flixcart.com/image/612/612/xif0q/t-shirt/i/u/7/xxl-tgy-nvrnplaind164-tripr-original-imah8cnndmgtgbxx.jpeg?q=70,"Pack of 2 Men Solid Round Neck Cotton Blend Blue, Grey ...",TRIPR,"₹1,499",₹305,79% off,Hot Deal
https://rukminim2.flixcart.com/image/612/612/xif0q/t-shirt/g/k/n/m-ts36-vebnor-original-imahbyhntuqdsrwf.jpeg?q=70,Men Solid Polo Neck Polyester Green T-Shirt,VeBNoR,₹999,₹257,74% off,Hot Deal
https://rukminim2.flixcart.com/image/612/612/xif0q/t-shirt/d/j/9/xxs-rcb-vrt01-dostitch-original-imahcpdynsw6gtrq.jpeg?q=70,Men Printed V Neck Polyester Multicolor T-Shirt,DOSTITCH,₹999,₹391,60% off,
https://rukminim2.flixcart.com/image/612/612/xif0q/t-shirt/n/e/a/m-fmt240-pogo-bn-force-original-imah5fsfajarxfcm.jpeg?q=70,Men Solid Round Neck Polyester Brown T-Shirt,Force,"₹1,999",₹295,85% off,Hot Deal
https://rukminim2.flixcart.com/image/612/612/xif0q/t-shirt/g/k/o/xl-men-s-vest-8035-r-rockin-tees-original-imah4w7tmvjgqqnv.jpeg?q=70,Pack of 2 Men Printed Round Neck Polyester Multicolor T...,Expert Choice,"₹1,599",₹267,83% off,Hot Deal
https://rukminim2.flixcart.com/image/612/612/xif0q/t-shirt/x/o/x/5xl-casul-men-t-shirt-nasir-original-imaha6ecnssx4ydy.jpeg?q=70,Men Self Design Polo Neck Polyester Brown T-Shirt,KAJARU,₹999,₹294,70% off,
https://rukminim2.flixcart.com/image/612/612/xif0q/t-shirt/u/z/b/-original-imagyk8pfc6fsn2h.jpeg?q=70,Men Solid Round Neck Polyester Black T-Shirt,Kyk,₹749,₹319,57% off,Hot Deal
https://rukminim2.flixcart.com/image/612/612/xif0q/t-shirt/x/4/c/m-fmt331-maple-skin-force-original-imah6rrhhaqfzqat.jpeg?q=70,Men Solid Round Neck Polyester Beige T-Shirt,Force,"₹1,999",₹277,86% off,Hot Deal
https://rukminim2.flixcart.com/image/612/612/xif0q/t-shirt/t/g/f/xl-mens-lw-lycra-t-shirt-sti-original-imah3nq92nehmpey.jpeg?q=70,Pack of 2 Men Printed Round Neck Polyester Multicolor T...,sti,"₹1,999",₹275,86% off,Hot Deal
https://rukminim2.flixcart.com/image/612/612/xif0q/t-shirt/m/o/w/xs-nacw-fs-34-caligostle-original-imah94n9yhfyjhdj.jpeg?q=70,Cricket Jersey Full Sleeves Men Solid Polo Neck Polyest...,CALIGOSTLE,₹999,₹449,55% off,Hot Deal
https://rukminim2.flixcart.com/image/612/612/xif0q/t-shirt/8/s/o/xxl-mario-combraided-original-imaha89hehptvey6.jpeg?q=70,Men Self Design Polo Neck Polycotton Pink T-Shirt,COMBRAIDED,"₹1,499",₹294,80% off,Hot Deal
https://rukminim2.flixcart.com/image/612/612/xif0q/t-shirt/l/z/k/xl-collar-tshirt-for-men-n-and-j-original-imahdfss5mgxa9na.jpeg?q=70,Men Solid Polo Neck Polyester Multicolor T-Shirt,N AND J,₹799,₹295,63% off,Hot Deal
https://rukminim2.flixcart.com/image/612/612/xif0q/t-shirt/e/e/j/m-tdgy-mrrnplaind164-tripr-original-imah8cnnvybxmj5w.jpeg?q=70,Pack of 2 Men Solid Round Neck Cotton Blend Multicolor ...,TRIPR,"₹1,499",₹305,79% off,Hot Deal
https://rukminim2.flixcart.com/image/612/612/xif0q/t-shirt/f/f/i/s-tbl-gyrnplaind164-tripr-original-imah8cnn82bx8mvh.jpeg?q=70,Pack of 2 Men Solid Round Neck Cotton Blend Multicolor ...,TRIPR,"₹1,499",₹335,77% off,Hot Deal
https://rukminim2.flixcart.com/image/612/612/xif0q/t-shirt/t/r/f/l-3-sando-8043-r-rockin-tees-original-imah4w26mz7v54ze.jpeg?q=70,Pack of 3 Men Printed Round Neck Polyester Multicolor T...,Expert Choice,"₹1,599",₹328,79% off,
https://rukminim2.flixcart.com/image/612/612/xif0q/t-shirt/f/2/b/xl-3-sando-8048-r-rockin-tees-original-imah4w26yjbhh3aa.jpeg?q=70,Pack of 3 Men Printed Round Neck Polyester Multicolor T...,Expert Choice,"₹1,599",₹328,79% off,
https://rukminim2.flixcart.com/image/612/612/xif0q/t-shirt/g/n/m/s-mario-combraided-original-imaha894br7xjtqq.jpeg?q=70,Men Self Design Polo Neck Polycotton Black T-Shirt,COMBRAIDED,"₹1,499",₹294,80% off,Hot Deal
https://rukminim2.flixcart.com/image/612/612/xif0q/t-shirt/a/8/w/s-tpgrblhn-dp-d145-tripr-original-imahcgggbmzpvcs3.jpeg?q=70,"Men Solid Mandarin Collar Cotton Blend Dark Green, Blac...",TRIPR,"₹1,999",₹251,87% off,Hot Deal
https://rukminim2.flixcart.com/image/612/612/xif0q/t-shirt/w/r/p/xl-vmts-501b-coldplay-original-imagyuarywxbxyxm.jpeg?q=70,Men Solid Polo Neck Cotton Blend Light Green T-Shirt,Coldplay,₹999,₹398,60% off,
https://rukminim2.flixcart.com/image/612/612/xif0q/t-shirt/2/0/r/l-cozi-2121-lux-cozi-original-imahd9c6fazchv8b.jpeg?q=70,Men Solid Polo Neck Cotton Blend Maroon T-Shirt,LUX cozi,₹399,₹359,10% off,Only few left
https://rukminim2.flixcart.com/image/612/612/xif0q/t-shirt/b/9/h/s-tnv-mrrnplaind164-tripr-original-imah7usgayvndjub.jpeg?q=70,Pack of 2 Men Solid Round Neck Cotton Blend Multicolor ...,TRIPR,"₹1,499",₹305,79% off,
https://rukminim2.flixcart.com/image/612/612/xif0q/t-shirt/t/k/c/xl-ad-5-spoweary-original-imah8bqvskehzrdz.jpeg?q=70,Men Printed Round Neck Polyester Brown T-Shirt,sti,"₹1,499",₹235,84% off,Hot Deal
https://rukminim2.flixcart.com/image/612/612/xif0q/t-shirt/r/m/i/l-mario-combraided-original-imaha89bqahtbycz.jpeg?q=70,Men Self Design Polo Neck Polycotton Black T-Shirt,COMBRAIDED,"₹1,499",₹294,80% off,Hot Deal
https://rukminim2.flixcart.com/image/612/612/xif0q/t-shirt/v/a/r/l-twtblpolofull-p35-tripr-original-imah9k38fy3gfynh.jpeg?q=70,"Men Self Design Polo Neck Cotton Blend White, Black T-S...",TRIPR,₹999,₹346,65% off,Hot Deal
https://rukminim2.flixcart.com/image/612/612/xif0q/t-shirt/m/l/t/l-urm006011p-urgear-original-imahd77jns43vdrg.jpeg?q=70,Men Printed Round Neck Cotton Blend Black T-Shirt,UrGear,"₹1,999",₹299,85% off,Hot Deal
https://rukminim2.flixcart.com/image/612/612/xif0q/t-shirt/5/r/e/s-ts36-vebnor-original-imahbyg4fcrskaxv.jpeg?q=70,Men Solid Polo Neck Polyester Grey T-Shirt,VeBNoR,₹999,₹256,74% off,Hot Deal
https://rukminim2.flixcart.com/image/612/612/xif0q/t-shirt/g/k/l/m-tmr-gy-ogrrnplaind164-tripr-original-imah7usgu45zyd5f.jpeg?q=70,Pack of 3 Men Solid Round Neck Cotton Blend Multicolor ...,TRIPR,"₹1,999",₹413,79% off,Hot Deal
https://rukminim2.flixcart.com/image/612/612/xif0q/shopsy-t-shirt/k/e/c/l-tblhnful-spy-d144-tripr-original-imahcjtu6ghwgpk7.jpeg?q=70,Men Solid Henley Neck Cotton Blend Black T-Shirt,TRIPR,"₹1,999",₹235,88% off,Hot Deal
https://rukminim2.flixcart.com/image/612/612/xif0q/t-shirt/y/a/7/xxl-mt6-ntl-uniberry-original-imagz8r5etuyczqu.jpeg?q=70,Men Printed Polo Neck Cotton Blend Blue T-Shirt,UNIBERRY,"₹1,499",₹397,73% off,Hot Deal
https://rukminim2.flixcart.com/image/612/612/xif0q/t-shirt/e/b/p/xl-t285hs-as7whdngr-eyebogler-original-imahakjgefyagtyz.jpeg?q=70,"Men Striped Polo Neck Cotton Blend White, Green, Blue T...",EyeBogler,"₹1,299",₹287,77% off,Hot Deal
https://rukminim2.flixcart.com/image/612/612/xif0q/t-shirt/q/c/s/xxl-tmrblpolofull-p35-tripr-original-imahaaz8wqkaagzy.jpeg?q=70,Men Self Design Polo Neck Cotton Blend Maroon T-Shirt,TRIPR,₹999,₹328,67% off,Hot Deal
https://rukminim2.flixcart.com/image/612/612/xif0q/t-shirt/t/7/7/s-bab300-white-bab-original-imahy9nydu5hejtz.jpeg?q=70,Men Solid Polo Neck Cotton Blend White T-Shirt,BAB,"₹1,299",₹325,74% off,Hot Deal
https://rukminim2.flixcart.com/image/612/612/xif0q/t-shirt/c/j/l/s-togr-mrhnful-d144-tripr-original-imahdya5xyzymaxm.jpeg?q=70,Pack of 2 Men Solid Henley Neck Cotton Blend Dark Green...,TRIPR,"₹1,999",₹480,75% off,
https://rukminim2.flixcart.com/image/612/612/xif0q/shopsy-t-shirt/x/f/x/m-723-1-2-5-7-shopglobal-original-imah7eegpgsgzww9.jpeg?q=70,Pack of 4 Men Solid Round Neck Polyester Multicolor T-S...,FTX,"₹1,499",₹372,75% off,Hot Deal
https://rukminim2.flixcart.com/image/612/612/xif0q/t-shirt/0/k/e/s-half-sleeve-tshirt-caligostle-original-imah93dthavukdcc.jpeg?q=70,Men Solid Polo Neck Polyester White T-Shirt,CALIGOSTLE,₹999,₹449,55% off,Hot Deal
https://rukminim2.flixcart.com/image/612/612/xif0q/t-shirt/o/g/a/m-ts804-01-tqh-original-imahcm8f7sqghrgz.jpeg?q=70,"Pack of 2 Men Solid Round Neck Polyester Green, Black T...",TQH,"₹1,998",₹288,85% off,Hot Deal
https://rukminim2.flixcart.com/image/612/612/xif0q/t-shirt/s/m/z/xl-tsrt-22-kajaru-original-imah5z35b7c7zyyn.jpeg?q=70,Men Self Design Round Neck Polyester White T-Shirt,KAJARU,₹999,₹275,72% off,Hot Deal
https://rukminim2.flixcart.com/image/612/612/xif0q/t-shirt/i/u/7/xxl-tgy-nvrnplaind164-tripr-original-imah8cnndmgtgbxx.jpeg?q=70,"Pack of 2 Men Solid Round Neck Cotton Blend Blue, Grey ...",TRIPR,"₹1,499",₹305,79% off,Hot Deal
https://rukminim2.flixcart.com/image/612/612/xif0q/t-shirt/z/i/d/m-ts9-vebnor-original-imahafa6qx9vgqzn.jpeg?q=70,Men Printed Round Neck Polyester Maroon T-Shirt,VeBNoR,₹999,₹176,82% off,Hot Deal
https://rukminim2.flixcart.com/image/612/612/xif0q/t-shirt/p/a/s/5xl-4618a-austivo-original-imah2x8gqyj7ghwv.jpeg?q=70,Men Checkered Polo Neck Cotton Blend Multicolor T-Shirt,Austivo,"₹1,799",₹369,79% off,Hot Deal
https://rukminim2.flixcart.com/image/612/612/xif0q/t-shirt/e/e/j/m-tdgy-mrrnplaind164-tripr-original-imah8cnnvybxmj5w.jpeg?q=70,Pack of 2 Men Solid Round Neck Cotton Blend Multicolor ...,TRIPR,"₹1,499",₹305,79% off,Hot Deal
https://rukminim2.flixcart.com/image/612/612/xif0q/t-shirt/k/h/c/xxl-gucci-tshirt-sti-original-imahfzr6xbmxhdjh.jpeg?q=70,"Men Printed Round Neck Polyester White, Black T-Shirt",HouseOfCommon,₹999,₹135,86% off,Hot Deal
https://rukminim2.flixcart.com/image/612/612/xif0q/t-shirt/f/3/1/m-fsmtsrt-2043-kajaru-original-imah98wy5hhmg32p.jpeg?q=70,Men Printed Round Neck Polyester Green T-Shirt,KAJARU,₹999,₹294,70% off,Hot Deal
https://rukminim2.flixcart.com/image/612/612/xif0q/t-shirt/f/f/i/s-tbl-gyrnplaind164-tripr-original-imah8cnn82bx8mvh.jpeg?q=70,Pack of 2 Men Solid Round Neck Cotton Blend Multicolor ...,TRIPR,"₹1,499",₹335,77% off,Hot Deal
https://rukminim2.flixcart.com/image/612/612/xif0q/t-shirt/0/j/f/5xl-4460a-austivo-original-imah2x8gefz4g6bn.jpeg?q=70,Men Checkered Polo Neck Cotton Blend Black T-Shirt,Austivo,"₹1,830",₹369,79% off,Hot Deal
https://rukminim2.flixcart.com/image/612/612/xif0q/t-shirt/m/3/x/xl-ts53-vebnor-original-imah8nmyyfvyhkua.jpeg?q=70,Men Solid Polo Neck Polyester Blue T-Shirt,VeBNoR,₹999,₹254,74% off,Hot Deal
https://rukminim2.flixcart.com/image/612/612/xif0q/t-shirt/p/f/9/m-togrblpolofull-p35-tripr-original-imah8pzygwhxgnzk.jpeg?q=70,Men Self Design Polo Neck Cotton Blend Dark Green T-Shi...,TRIPR,₹999,₹327,67% off,
https://rukminim2.flixcart.com/image/612/612/xif0q/t-shirt/u/z/b/-original-imagyk8pfc6fsn2h.jpeg?q=70,Men Solid Round Neck Polyester Black T-Shirt,Kyk,₹749,₹319,57% off,Hot Deal
https://rukminim2.flixcart.com/image/612/612/xif0q/t-shirt/z/c/i/s-ts24-vebnor-original-imahafddyhhf5f7w.jpeg?q=70,"Men Printed Polo Neck Polyester Orange, Black T-Shirt",VeBNoR,₹999,₹176,82% off,Hot Deal
https://rukminim2.flixcart.com/image/612/612/xif0q/t-shirt/c/s/g/xl-jc24-hnly-hs-lgry-solid-waffle-jump-cuts-original-imah5hyh9hk5dyz3.jpeg?q=70,Men Solid Henley Neck Polyester Grey T-Shirt,Jump Cuts,"₹1,399",₹263,81% off,Hot Deal
https://rukminim2.flixcart.com/image/612/612/xif0q/t-shirt/d/j/9/xxs-rcb-vrt01-dostitch-original-imahcpdynsw6gtrq.jpeg?q=70,Men Printed V Neck Polyester Multicolor T-Shirt,DOSTITCH,₹999,₹391,60% off,
https://rukminim2.flixcart.com/image/612/612/xif0q/t-shirt/k/w/m/l-jc24-hnly-hs-green-solid-waffle-jump-cuts-original-imahahdfbzdhfgtm.jpeg?q=70,Men Solid Henley Neck Polyester Green T-Shirt,Jump Cuts,"₹1,399",₹280,79% off,Hot Deal
https://rukminim2.flixcart.com/image/612/612/xif0q/t-shirt/a/e/4/m-polo-8015-kajaru-original-imahcy9yenqrzrtp.jpeg?q=70,Men Self Design Polo Neck Polyester Pink T-Shirt,KAJARU,₹999,₹294,70% off,
https://rukminim2.flixcart.com/image/612/612/xif0q/t-shirt/n/p/e/xxl-twtpoloful-p36-tripr-original-imah9wc2yzyg53qd.jpeg?q=70,Men Solid Polo Neck Cotton Blend White T-Shirt,TRIPR,₹999,₹369,63% off,
https://rukminim2.flixcart.com/image/612/612/xif0q/t-shirt/q/7/i/m-aa-12-ausk-original-imahbq3gzcrsbuys.jpeg?q=70,"Men Colorblock Round Neck Cotton Blend White, Blue, Gre...",AUSK,₹999,₹259,74% off,Hot Deal
https://rukminim2.flixcart.com/image/612/612/xif0q/t-shirt/l/h/5/3xl-pckpssgbl69796-peter-england-original-imagpwfxprbw2qbv.jpeg?q=70,Men Solid Polo Neck Polycotton Purple T-Shirt,PETER ENGLAND,₹999,₹649,35% off,Lowest price in the year
https://rukminim2.flixcart.com/image/612/612/xif0q/t-shirt/7/v/k/m-fk-rcb24-polo-nvyred-58-2xs-dostitch-original-imahbphfakrfntdk.jpeg?q=70,"Men Printed, Typography Round Neck Polyester Multicolor...",DOSTITCH,₹999,₹348,65% off,Hot Deal
https://rukminim2.flixcart.com/image/612/612/xif0q/t-shirt/a/8/w/s-tpgrblhn-dp-d145-tripr-original-imahcgggbmzpvcs3.jpeg?q=70,"Men Solid Mandarin Collar Cotton Blend Dark Green, Blac...",TRIPR,"₹1,999",₹251,87% off,Hot Deal
https://rukminim2.flixcart.com/image/612/612/xif0q/t-shirt/x/t/v/xxl-ad-5-jing-jing-original-imahbb72fhawha8z.jpeg?q=70,Men Printed Round Neck Polyester Grey T-Shirt,sti,"₹1,499",₹226,84% off,Hot Deal
https://rukminim2.flixcart.com/image/612/612/xif0q/t-shirt/h/f/c/m-pl8-one-nb-nicky-boy-original-imahbehxhhv8fgkq.jpeg?q=70,Men Printed Zip Neck Cotton Blend Navy Blue T-Shirt,Conway,₹999,₹236,76% off,Only few left
https://rukminim2.flixcart.com/image/612/612/xif0q/shopsy-t-shirt/k/e/c/l-tblhnful-spy-d144-tripr-original-imahcjtu6ghwgpk7.jpeg?q=70,Men Solid Henley Neck Cotton Blend Black T-Shirt,TRIPR,"₹1,999",₹235,88% off,Hot Deal
https://rukminim2.flixcart.com/image/612/612/xif0q/t-shirt/e/h/c/xs-hlts006118-highlander-original-imahch28zfzkxqee.jpeg?q=70,Men Printed Round Neck Cotton Blend Blue T-Shirt,HIGHLANDER,"₹2,099",₹551,73% off,Only few left
https://rukminim2.flixcart.com/image/612/612/xif0q/t-shirt/v/a/r/l-twtblpolofull-p35-tripr-original-imah9k38fy3gfynh.jpeg?q=70,"Men Self Design Polo Neck Cotton Blend White, Black T-S...",TRIPR,₹999,₹346,65% off,Hot Deal
https://rukminim2.flixcart.com/image/612/612/xif0q/t-shirt/b/9/h/s-tnv-mrrnplaind164-tripr-original-imah7usgayvndjub.jpeg?q=70,Pack of 2 Men Solid Round Neck Cotton Blend Multicolor ...,TRIPR,"₹1,499",₹305,79% off,
https://rukminim2.flixcart.com/image/612/612/xif0q/t-shirt/c/y/i/m-auskk01303-ausk-original-imah9u89y63rbffe.jpeg?q=70,Men Printed Round Neck Cotton Blend Maroon T-Shirt,AUSK,"₹1,499",₹297,80% off,Only few left
https://rukminim2.flixcart.com/image/612/612/xif0q/t-shirt/m/o/z/l-st-6023-maroon-smartees-original-imahbhm7fsw2cthu.jpeg?q=70,Men Printed Round Neck Cotton Blend Maroon T-Shirt,Smartees,"₹1,599",₹398,75% off,Only few left
https://rukminim2.flixcart.com/image/612/612/xif0q/t-shirt/g/k/l/m-tmr-gy-ogrrnplaind164-tripr-original-imah7usgu45zyd5f.jpeg?q=70,Pack of 3 Men Solid Round Neck Cotton Blend Multicolor ...,TRIPR,"₹1,999",₹413,79% off,Hot Deal
https://rukminim2.flixcart.com/image/612/612/xif0q/t-shirt/c/j/l/s-togr-mrhnful-d144-tripr-original-imahdya5xyzymaxm.jpeg?q=70,Pack of 2 Men Solid Henley Neck Cotton Blend Dark Green...,TRIPR,"₹1,999",₹480,75% off,
https://rukminim2.flixcart.com/image/612/612/xif0q/t-shirt/a/p/v/xl-2-polo-blue-magneto-original-imagxpnupcyz97xh.jpeg?q=70,Men Colorblock Polo Neck Pure Cotton Blue T-Shirt,Magneto,"₹1,499",₹430,71% off,Hot Deal
https://rukminim2.flixcart.com/image/612/612/xif0q/t-shirt/m/l/e/-original-imagy2mqps3utuyp.jpeg?q=70,Men Solid Polo Neck Cotton Blend Blue T-Shirt,U.S. POLO ASSN.,"₹1,999",₹940,52% off,Hot Deal
https://rukminim2.flixcart.com/image/612/612/xif0q/t-shirt/v/u/k/s-tbl-mrrnplaind164-tripr-original-imah7usg9fdz5f2c.jpeg?q=70,Pack of 2 Men Solid Round Neck Cotton Blend Multicolor ...,TRIPR,"₹1,499",₹286,80% off,Hot Deal
https://rukminim2.flixcart.com/image/612/612/xif0q/t-shirt/u/g/a/l-21-vrc-blue-magneto-original-imahfjhhf4y9jygg.jpeg?q=70,Men Printed Round Neck Pure Cotton Navy Blue T-Shirt,Magneto,"₹1,299",₹344,73% off,Hot Deal
https://rukminim2.flixcart.com/image/612/612/xif0q/t-shirt/a/e/4/m-polo-8015-kajaru-original-imahcy9yenqrzrtp.jpeg?q=70,Men Self Design Polo Neck Polyester Pink T-Shirt,KAJARU,₹999,₹294,70% off,
https://rukminim2.flixcart.com/image/612/612/xif0q/t-shirt/s/m/z/xl-tsrt-22-kajaru-original-imah5z35b7c7zyyn.jpeg?q=70,Men Self Design Round Neck Polyester White T-Shirt,KAJARU,₹999,₹275,72% off,Hot Deal
https://rukminim2.flixcart.com/image/612/612/xif0q/t-shirt/f/b/o/m-st-6023-smokeblue-smartees-original-imahbhm7uhzmghcb.jpeg?q=70,Men Printed Round Neck Cotton Blend Blue T-Shirt,Smartees,"₹1,599",₹398,75% off,Only few left
https://rukminim2.flixcart.com/image/612/612/xif0q/t-shirt/b/4/w/xxl-lindey-bigbanana-original-imahff3efjsah9t5.jpeg?q=70,Men Solid Polo Neck Pure Cotton Maroon T-Shirt,bigbanana,"₹2,099",₹489,76% off,Hot Deal
https://rukminim2.flixcart.com/image/612/612/xif0q/t-shirt/d/j/9/xxs-rcb-vrt01-dostitch-original-imahcpdynsw6gtrq.jpeg?q=70,Men Printed V Neck Polyester Multicolor T-Shirt,DOSTITCH,₹999,₹391,60% off,
https://rukminim2.flixcart.com/image/612/612/xif0q/t-shirt/0/h/8/s-tsrt-moq2-kajaru-original-imah8yzgyqvkyyfb.jpeg?q=70,"Men Printed Round Neck Polyester Green, Light Green T-S...",KAJARU,₹999,₹164,83% off,Lowest price since launch
https://rukminim2.flixcart.com/image/612/612/xif0q/t-shirt/h/y/8/xl-ts103-vebnor-original-imahcgebynzbwxhh.jpeg?q=70,Men Solid Polo Neck Polyester Light Green T-Shirt,VeBNoR,₹999,₹257,74% off,Hot Deal
https://rukminim2.flixcart.com/image/612/612/xif0q/t-shirt/a/f/e/xl-aa-01335-ausk-original-imahbr36xhumhy6z.jpeg?q=70,Men Printed Round Neck Cotton Blend Maroon T-Shirt,AUSK,"₹1,499",₹279,81% off,Only few left
https://rukminim2.flixcart.com/image/612/612/xif0q/t-shirt/u/z/b/-original-imagyk8pfc6fsn2h.jpeg?q=70,Men Solid Round Neck Polyester Black T-Shirt,Kyk,₹749,₹319,57% off,Hot Deal
https://rukminim2.flixcart.com/image/612/612/xif0q/t-shirt/e/j/p/xxl-casual-blk-magneto-original-imahc5dq2sn8zrmf.jpeg?q=70,Men Printed Crew Neck Pure Cotton Yellow T-Shirt,Magneto,"₹1,299",₹344,73% off,Only few left
https://rukminim2.flixcart.com/image/612/612/xif0q/shopsy-t-shirt/x/f/x/m-723-1-2-5-7-shopglobal-original-imah7eegpgsgzww9.jpeg?q=70,Pack of 4 Men Solid Round Neck Polyester Multicolor T-S...,FTX,"₹1,499",₹372,75% off,Hot Deal
https://rukminim2.flixcart.com/image/612/612/xif0q/t-shirt/x/4/c/m-fmt331-maple-skin-force-original-imah6rrhhaqfzqat.jpeg?q=70,Men Solid Round Neck Polyester Beige T-Shirt,Force,"₹1,999",₹277,86% off,Hot Deal
https://rukminim2.flixcart.com/image/612/612/xif0q/t-shirt/4/m/y/m-hoc-dhaari-1029-house-of-common-original-imah5vqhvemb3nz2.jpeg?q=70,Men Sporty Mandarin Collar Polyester White T-Shirt,dhaari by unique creation,"₹1,299",₹302,76% off,Hot Deal
https://rukminim2.flixcart.com/image/612/612/xif0q/t-shirt/t/w/t/l-ts36-vebnor-original-imahbygfenkenj4q.jpeg?q=70,Men Solid Polo Neck Polyester Light Green T-Shirt,VeBNoR,₹999,₹257,74% off,Hot Deal
https://rukminim2.flixcart.com/image/612/612/xif0q/t-shirt/f/3/1/m-fsmtsrt-2043-kajaru-original-imah98wy5hhmg32p.jpeg?q=70,Men Printed Round Neck Polyester Green T-Shirt,KAJARU,₹999,₹294,70% off,Hot Deal
https://rukminim2.flixcart.com/image/612/612/l41n2q80/t-shirt/p/p/g/l-1jgrf-013-red-jugular-original-imagff7wgkzwnt43.jpeg?q=70,Men Printed Round Neck Pure Cotton Red T-Shirt,JUGULAR,₹888,₹239,73% off,Hot Deal
https://rukminim2.flixcart.com/image/612/612/xif0q/t-shirt/7/m/9/-original-imahfxuynbkmesr5.jpeg?q=70,Men Solid Round Neck Pure Cotton Blue T-Shirt,Roadster,₹699,₹265,62% off,Hot Deal
https://rukminim2.flixcart.com/image/612/612/xif0q/t-shirt/n/f/y/xs-db1024-3bros-original-imah2gcbcrf7zthx.jpeg?q=70,Men Solid Polo Neck Cotton Blend Grey T-Shirt,3BROS,₹999,₹313,68% off,Hot Deal
https://rukminim2.flixcart.com/image/612/612/xif0q/t-shirt/p/f/9/m-togrblpolofull-p35-tripr-original-imah8pzygwhxgnzk.jpeg?q=70,Men Self Design Polo Neck Cotton Blend Dark Green T-Shi...,TRIPR,₹999,₹327,67% off,
https://rukminim2.flixcart.com/image/612/612/xif0q/t-shirt/o/w/n/s-prnt-138-glito-original-imahc7ggzvkbhrdg.jpeg?q=70,Men Printed Round Neck Polyester Yellow T-Shirt,GLITO,₹999,₹300,69% off,Only few left
https://rukminim2.flixcart.com/image/612/612/xif0q/t-shirt/b/7/f/xxl-togrhnful-d144-tripr-original-imahcjsrfrm46gu3.jpeg?q=70,Men Solid Henley Neck Cotton Blend Dark Green T-Shirt,TRIPR,"₹1,999",₹261,86% off,Hot Deal
https://rukminim2.flixcart.com/image/612/612/xif0q/t-shirt/d/k/w/xxl-tblrnvt8-blrnvesttvt7-tripr-original-imahaavcecxkq2yd.jpeg?q=70,Pack of 2 Men Printed Round Neck Cotton Blend Black T-S...,TRIPR,₹999,₹328,67% off,Hot Deal
https://rukminim2.flixcart.com/image/612/612/xif0q/t-shirt/n/g/d/xl-ts25-vebnor-original-imahyhmsfd85zuxj.jpeg?q=70,Pack of 4 Men Self Design Round Neck Polyester Multicol...,VeBNoR,₹999,₹391,60% off,
https://rukminim2.flixcart.com/image/612/612/xif0q/t-shirt/1/f/e/xl-13-ali-t-shirt-xl-geetaffashion-original-imah43gf9strzrnd.jpeg?q=70,Men Printed Round Neck Polyester White T-Shirt,geetaffashion,₹599,₹195,67% off,Only few left
https://rukminim2.flixcart.com/image/612/612/xif0q/t-shirt/x/g/0/s-tsrt-moq2-kajaru-original-imah2gfgfu4cpzgp.jpeg?q=70,"Men Printed Round Neck Polyester Pink, Green T-Shirt",KAJARU,"₹1,499",₹171,88% off,Hot Deal
https://rukminim2.flixcart.com/image/612/612/xif0q/t-shirt/g/n/m/s-mario-combraided-original-imaha894br7xjtqq.jpeg?q=70,Men Self Design Polo Neck Polycotton Black T-Shirt,COMBRAIDED,"₹1,499",₹294,80% off,Hot Deal
https://rukminim2.flixcart.com/image/612/612/xif0q/t-shirt/n/f/y/xs-db1024-3bros-original-imah2gcbcrf7zthx.jpeg?q=70,Men Solid Polo Neck Cotton Blend Grey T-Shirt,3BROS,₹999,₹313,68% off,Hot Deal
https://rukminim2.flixcart.com/image/612/612/xif0q/t-shirt/j/b/q/xl-31677814-here-now-original-imahbbauzks4fucu.jpeg?q=70,Men Printed Round Neck Pure Cotton Green T-Shirt,HERE&NOW,"₹1,499",₹539,64% off,Only few left
https://rukminim2.flixcart.com/image/612/612/xif0q/t-shirt/a/8/w/s-tpgrblhn-dp-d145-tripr-original-imahcgggbmzpvcs3.jpeg?q=70,"Men Solid Mandarin Collar Cotton Blend Dark Green, Blac...",TRIPR,"₹1,999",₹251,87% off,Hot Deal
https://rukminim2.flixcart.com/image/612/612/xif0q/t-shirt/r/3/2/m-tgyhnful-dp-d144-tripr-original-imahczy68g57hwqe.jpeg?q=70,Men Solid Henley Neck Cotton Blend Grey T-Shirt,TRIPR,"₹1,999",₹257,87% off,Hot Deal
https://rukminim2.flixcart.com/image/612/612/xif0q/shopsy-t-shirt/k/e/c/l-tblhnful-spy-d144-tripr-original-imahcjtu6ghwgpk7.jpeg?q=70,Men Solid Henley Neck Cotton Blend Black T-Shirt,TRIPR,"₹1,999",₹235,88% off,Hot Deal
https://rukminim2.flixcart.com/image/612/612/xif0q/t-shirt/v/a/r/l-twtblpolofull-p35-tripr-original-imah9k38fy3gfynh.jpeg?q=70,"Men Self Design Polo Neck Cotton Blend White, Black T-S...",TRIPR,₹999,₹346,65% off,Hot Deal
https://rukminim2.flixcart.com/image/612/612/xif0q/t-shirt/o/s/s/-original-imagy3k8nnyerm7c.jpeg?q=70,Men Solid Polo Neck Pure Cotton Green T-Shirt,Allen Solly,"₹1,099",₹651,40% off,Hot Deal
https://rukminim2.flixcart.com/image/612/612/xif0q/t-shirt/1/f/e/xl-13-ali-t-shirt-xl-geetaffashion-original-imah43gf9strzrnd.jpeg?q=70,Men Printed Round Neck Polyester White T-Shirt,geetaffashion,₹599,₹195,67% off,Only few left
https://rukminim2.flixcart.com/image/612/612/xif0q/t-shirt/r/m/i/l-mario-combraided-original-imaha89bqahtbycz.jpeg?q=70,Men Self Design Polo Neck Polycotton Black T-Shirt,COMBRAIDED,"₹1,499",₹294,80% off,Hot Deal
https://rukminim2.flixcart.com/image/612/612/xif0q/t-shirt/b/9/h/s-tnv-mrrnplaind164-tripr-original-imah7usgayvndjub.jpeg?q=70,Pack of 2 Men Solid Round Neck Cotton Blend Multicolor ...,TRIPR,"₹1,499",₹305,79% off,
https://rukminim2.flixcart.com/image/612/612/xif0q/t-shirt/p/b/7/xl-1-ts-3009-blck-houseofcommon-original-imah7tuzjbhsu45e.jpeg?q=70,Men Colorblock Round Neck Cotton Blend Black T-Shirt,HouseOfCommon,₹999,₹130,86% off,Only few left
https://rukminim2.flixcart.com/image/612/612/xif0q/t-shirt/n/e/g/m-free-palestine-lady-cotton-tee-gallery-original-imah2tq4swrh27vj.jpeg?q=70,Men Printed Round Neck Pure Cotton Black T-Shirt,Tee Gallery,₹999,₹383,61% off,Only few left
https://rukminim2.flixcart.com/image/612/612/xif0q/t-shirt/g/k/l/m-tmr-gy-ogrrnplaind164-tripr-original-imah7usgu45zyd5f.jpeg?q=70,Pack of 3 Men Solid Round Neck Cotton Blend Multicolor ...,TRIPR,"₹1,999",₹413,79% off,Hot Deal
https://rukminim2.flixcart.com/image/612/612/xif0q/t-shirt/p/j/p/-original-imah23chfdsdefg2.jpeg?q=70,Men Solid Round Neck Cotton Blend Dark Green T-Shirt,Roadster,₹699,₹251,64% off,Hot Deal
https://rukminim2.flixcart.com/image/612/612/xif0q/t-shirt/q/c/s/xxl-tmrblpolofull-p35-tripr-original-imahaaz8wqkaagzy.jpeg?q=70,Men Self Design Polo Neck Cotton Blend Maroon T-Shirt,TRIPR,₹999,₹328,67% off,Hot Deal
https://rukminim2.flixcart.com/image/612/612/xif0q/t-shirt/c/j/l/s-togr-mrhnful-d144-tripr-original-imahdya5xyzymaxm.jpeg?q=70,Pack of 2 Men Solid Henley Neck Cotton Blend Dark Green...,TRIPR,"₹1,999",₹480,75% off,
https://rukminim2.flixcart.com/image/612/612/xif0q/t-shirt/f/2/s/xs-db1024-3bros-original-imah2gcf8bfzdg5c.jpeg?q=70,Men Solid Polo Neck Cotton Blend Light Blue T-Shirt,3BROS,₹999,₹313,68% off,Hot Deal
https://rukminim2.flixcart.com/image/612/612/xif0q/t-shirt/n/q/d/s-st-6038-black-smartees-original-imahbhm7b3mhkndg.jpeg?q=70,Men Printed Round Neck Cotton Blend Black T-Shirt,Smartees,"₹1,599",₹398,75% off,Only few left
https://rukminim2.flixcart.com/image/612/612/xif0q/t-shirt/a/e/4/m-polo-8015-kajaru-original-imahcy9yenqrzrtp.jpeg?q=70,Men Self Design Polo Neck Polyester Pink T-Shirt,KAJARU,₹999,₹294,70% off,
https://rukminim2.flixcart.com/image/612/612/xif0q/t-shirt/s/m/z/xl-tsrt-22-kajaru-original-imah5z35b7c7zyyn.jpeg?q=70,Men Self Design Round Neck Polyester White T-Shirt,KAJARU,₹999,₹275,72% off,Hot Deal
https://rukminim2.flixcart.com/image/612/612/xif0q/t-shirt/a/g/x/s-mens-solid-vneck-nilan-impex-original-imah9tpkfgbzm77z.jpeg?q=70,Men Solid V Neck Cotton Blend Grey T-Shirt,Nilan Impex,"₹1,099",₹269,75% off,Lowest price since launch
https://rukminim2.flixcart.com/image/612/612/xif0q/t-shirt/h/y/8/xl-ts103-vebnor-original-imahcgebynzbwxhh.jpeg?q=70,Men Solid Polo Neck Polyester Light Green T-Shirt,VeBNoR,₹999,₹257,74% off,Hot Deal
https://rukminim2.flixcart.com/image/612/612/xif0q/t-shirt/0/h/8/s-tsrt-moq2-kajaru-original-imah8yzgyqvkyyfb.jpeg?q=70,"Men Printed Round Neck Polyester Green, Light Green T-S...",KAJARU,₹999,₹164,83% off,Lowest price since launch
https://rukminim2.flixcart.com/image/612/612/xif0q/t-shirt/h/y/e/l-real-madrid-purple-football-jersey-bodysports-co-original-imah52dy5ngkqz4r.jpeg?q=70,"Men Printed, Typography Round Neck Polyester Purple T-S...",Bodysports.co,₹899,₹469,47% off,Hot Deal
https://rukminim2.flixcart.com/image/612/612/xif0q/t-shirt/i/u/7/xxl-tgy-nvrnplaind164-tripr-original-imah8cnndmgtgbxx.jpeg?q=70,"Pack of 2 Men Solid Round Neck Cotton Blend Blue, Grey ...",TRIPR,"₹1,499",₹305,79% off,Hot Deal
https://rukminim2.flixcart.com/image/612/612/xif0q/t-shirt/d/j/9/xxs-rcb-vrt01-dostitch-original-imahcpdynsw6gtrq.jpeg?q=70,Men Printed V Neck Polyester Multicolor T-Shirt,DOSTITCH,₹999,₹391,60% off,
https://rukminim2.flixcart.com/image/612/612/xif0q/t-shirt/t/p/x/xl-ges2889-gespo-original-imahcgvtfgyzraxg.jpeg?q=70,Men Printed Round Neck Pure Cotton Yellow T-Shirt,GESPO,"₹1,499",₹429,71% off,Only few left
https://rukminim2.flixcart.com/image/612/612/xif0q/t-shirt/g/e/6/3xl-polo-tshirt-jh-mart-original-imahcqh6uxzgynwy.jpeg?q=70,Men Solid Polo Neck Polycotton Maroon T-Shirt,JH MART,"₹1,599",₹317,80% off,Hot Deal
https://rukminim2.flixcart.com/image/612/612/xif0q/t-shirt/n/e/a/m-fmt240-pogo-bn-force-original-imah5fsfajarxfcm.jpeg?q=70,Men Solid Round Neck Polyester Brown T-Shirt,Force,"₹1,999",₹295,85% off,Hot Deal
https://rukminim2.flixcart.com/image/612/612/xif0q/t-shirt/u/z/b/-original-imagyk8pfc6fsn2h.jpeg?q=70,Men Solid Round Neck Polyester Black T-Shirt,Kyk,₹749,₹319,57% off,Hot Deal
https://rukminim2.flixcart.com/image/612/612/xif0q/t-shirt/m/v/i/xxl-fs49-orng-groovyyyy-leotude-original-imah28ja6ptyn5c7.jpeg?q=70,"Men Printed, Typography Round Neck Cotton Blend Orange ...",Leotude,"₹1,099",₹299,72% off,
https://rukminim2.flixcart.com/image/612/612/xif0q/shirt/x/m/m/s-ad-06-d-bax-original-imahavvjcbxnzktj.jpeg?q=70,Men Printed Round Neck Polycotton Multicolor T-Shirt,sti,"₹1,499",₹226,84% off,
https://rukminim2.flixcart.com/image/612/612/xif0q/t-shirt/x/4/c/m-fmt331-maple-skin-force-original-imah6rrhhaqfzqat.jpeg?q=70,Men Solid Round Neck Polyester Beige T-Shirt,Force,"₹1,999",₹277,86% off,Hot Deal
https://rukminim2.flixcart.com/image/612/612/xif0q/t-shirt/b/h/b/m-mn23-rn-rgln-hs-os-pista-blk-bstn-maniac-original-imahce9ths9jbbqj.jpeg?q=70,Men Colorblock Round Neck Pure Cotton Green T-Shirt,MANIAC,"₹1,659",₹579,65% off,Only few left
https://rukminim2.flixcart.com/image/612/612/xif0q/t-shirt/8/s/o/xxl-mario-combraided-original-imaha89hehptvey6.jpeg?q=70,Men Self Design Polo Neck Polycotton Pink T-Shirt,COMBRAIDED,"₹1,499",₹294,80% off,Hot Deal
https://rukminim2.flixcart.com/image/612/612/xif0q/t-shirt/e/e/j/m-tdgy-mrrnplaind164-tripr-original-imah8cnnvybxmj5w.jpeg?q=70,Pack of 2 Men Solid Round Neck Cotton Blend Multicolor ...,TRIPR,"₹1,499",₹305,79% off,Hot Deal
https://rukminim2.flixcart.com/image/612/612/xif0q/t-shirt/o/f/c/xxl-gt-4-dyrectdeals-original-imagmg9wa2f63zwz.jpeg?q=70,Men Colorblock Polo Neck Polycotton Pink T-Shirt,DyrectDeals,"₹1,299",₹295,77% off,Hot Deal
https://rukminim2.flixcart.com/image/612/612/xif0q/t-shirt/h/f/k/xl-ts103-vebnor-original-imahbg4fxpbbezv4.jpeg?q=70,Men Solid Polo Neck Polyester Light Blue T-Shirt,VeBNoR,₹999,₹257,74% off,Hot Deal
https://rukminim2.flixcart.com/image/612/612/xif0q/t-shirt/g/n/m/s-mario-combraided-original-imaha894br7xjtqq.jpeg?q=70,Men Self Design Polo Neck Polycotton Black T-Shirt,COMBRAIDED,"₹1,499",₹294,80% off,Hot Deal
https://rukminim2.flixcart.com/image/612/612/xif0q/t-shirt/a/8/w/s-tpgrblhn-dp-d145-tripr-original-imahcgggbmzpvcs3.jpeg?q=70,"Men Solid Mandarin Collar Cotton Blend Dark Green, Blac...",TRIPR,"₹1,999",₹251,87% off,Hot Deal
https://rukminim2.flixcart.com/image/612/612/xif0q/t-shirt/t/c/s/xxl-n4107a-austin-wood-original-imagpbygzxfgyvhc.jpeg?q=70,Men Striped Polo Neck Cotton Blend Navy Blue T-Shirt,Austin Wood,"₹1,499",₹379,74% off,Hot Deal
https://rukminim2.flixcart.com/image/612/612/xif0q/t-shirt/y/4/f/l-ctn-polo-pkt-013-triptee-original-imah9bgrt6ynta2u.jpeg?q=70,Men Solid Polo Neck Pure Cotton Pink T-Shirt,Triptee,"₹1,999",₹300,84% off,Hot Deal
https://rukminim2.flixcart.com/image/612/612/xif0q/shopsy-t-shirt/k/e/c/l-tblhnful-spy-d144-tripr-original-imahcjtu6ghwgpk7.jpeg?q=70,Men Solid Henley Neck Cotton Blend Black T-Shirt,TRIPR,"₹1,999",₹235,88% off,Hot Deal
https://rukminim2.flixcart.com/image/612/612/xif0q/t-shirt/s/q/a/xl-casual-blk-magneto-original-imahbzjjarhryppn.jpeg?q=70,Men Printed Crew Neck Pure Cotton Black T-Shirt,Magneto,"₹1,299",₹333,74% off,Hot Deal
https://rukminim2.flixcart.com/image/612/612/xif0q/t-shirt/v/a/r/l-twtblpolofull-p35-tripr-original-imah9k38fy3gfynh.jpeg?q=70,"Men Self Design Polo Neck Cotton Blend White, Black T-S...",TRIPR,₹999,₹346,65% off,Hot Deal
https://rukminim2.flixcart.com/image/612/612/xif0q/t-shirt/b/9/h/s-tnv-mrrnplaind164-tripr-original-imah7usgayvndjub.jpeg?q=70,Pack of 2 Men Solid Round Neck Cotton Blend Multicolor ...,TRIPR,"₹1,499",₹305,79% off,
https://rukminim2.flixcart.com/image/612/612/xif0q/t-shirt/u/3/l/xxl-p612-technosport-original-imagpy5bjeabkyhh.jpeg?q=70,Men Printed Zip Neck Polyester Navy Blue T-Shirt,TECHNOSPORT,₹489,₹451,7% off,"Buy 2 items, save extra 5%"
https://rukminim2.flixcart.com/image/612/612/xif0q/t-shirt/k/v/7/xxl-ts85-vebnor-original-imah9hsrcrybdyhq.jpeg?q=70,Men Solid Round Neck Polyester Light Green T-Shirt,VeBNoR,₹999,₹254,74% off,Hot Deal
https://rukminim2.flixcart.com/image/612/612/xif0q/t-shirt/r/m/i/l-mario-combraided-original-imaha89bqahtbycz.jpeg?q=70,Men Self Design Polo Neck Polycotton Black T-Shirt,COMBRAIDED,"₹1,499",₹294,80% off,Hot Deal
https://rukminim2.flixcart.com/image/612/612/xif0q/t-shirt/g/k/l/m-tmr-gy-ogrrnplaind164-tripr-original-imah7usgu45zyd5f.jpeg?q=70,Pack of 3 Men Solid Round Neck Cotton Blend Multicolor ...,TRIPR,"₹1,999",₹413,79% off,Hot Deal
https://rukminim2.flixcart.com/image/612/612/xif0q/t-shirt/x/l/u/m-ssnew23-jrthzpr-m-pln-grch-campus-sutra-original-imagzcq8hpmzctpu.jpeg?q=70,Men Solid Polo Neck Polyester Grey T-Shirt,CAMPUS SUTRA,"₹1,199",₹409,65% off,Hot Deal
https://rukminim2.flixcart.com/image/612/612/xif0q/t-shirt/b/9/i/xl-t1307-tmblwh-eyebogler-original-imahcz4cqy66ju58.jpeg?q=70,Men Colorblock Polo Neck Cotton Blend Dark Blue T-Shirt,EyeBogler,"₹1,299",₹292,77% off,Hot Deal
https://rukminim2.flixcart.com/image/612/612/xif0q/t-shirt/q/c/s/xxl-tmrblpolofull-p35-tripr-original-imahaaz8wqkaagzy.jpeg?q=70,Men Self Design Polo Neck Cotton Blend Maroon T-Shirt,TRIPR,₹999,₹328,67% off,Hot Deal
https://rukminim2.flixcart.com/image/612/612/xif0q/t-shirt/s/i/a/m-ts85-vebnor-original-imah9hsgdvmz8epk.jpeg?q=70,Men Solid Round Neck Polyester Grey T-Shirt,VeBNoR,₹999,₹254,74% off,Hot Deal
https://rukminim2.flixcart.com/image/612/612/xif0q/t-shirt/c/j/l/s-togr-mrhnful-d144-tripr-original-imahdya5xyzymaxm.jpeg?q=70,Pack of 2 Men Solid Henley Neck Cotton Blend Dark Green...,TRIPR,"₹1,999",₹480,75% off,
https://rukminim2.flixcart.com/image/612/612/xif0q/t-shirt/s/m/z/xl-tsrt-22-kajaru-original-imah5z35b7c7zyyn.jpeg?q=70,Men Self Design Round Neck Polyester White T-Shirt,KAJARU,₹999,₹275,72% off,Hot Deal
https://rukminim2.flixcart.com/image/612/612/xif0q/t-shirt/j/e/u/l-fmt111-zipneck-bk-force-original-imah8a7xwdhzjrz6.jpeg?q=70,Men Solid Zip Neck Cotton Blend Black T-Shirt,Force,"₹1,999",₹318,84% off,Hot Deal
https://rukminim2.flixcart.com/image/612/612/xif0q/shopsy-t-shirt/x/e/g/xl-rv-bmw-moto-rv-new-fashion-original-imahd2j72mhvrgxm.jpeg?q=70,"Men Printed, Self Design, Graphic Print, Typography Rou...",RV NEW FASHION,₹999,₹217,78% off,Lowest price since launch
https://rukminim2.flixcart.com/image/612/612/xif0q/t-shirt/i/u/7/xxl-tgy-nvrnplaind164-tripr-original-imah8cnndmgtgbxx.jpeg?q=70,"Pack of 2 Men Solid Round Neck Cotton Blend Blue, Grey ...",TRIPR,"₹1,499",₹305,79% off,Hot Deal
https://rukminim2.flixcart.com/image/612/612/xif0q/t-shirt/d/j/9/xxs-rcb-vrt01-dostitch-original-imahcpdynsw6gtrq.jpeg?q=70,Men Printed V Neck Polyester Multicolor T-Shirt,DOSTITCH,₹999,₹391,60% off,
https://rukminim2.flixcart.com/image/612/612/xif0q/t-shirt/r/9/l/m-stm-26-cream-coldplay-original-imah9w45zzznvj57.jpeg?q=70,Men Printed Polo Neck Cotton Blend White T-Shirt,Coldplay,"₹1,999",₹461,76% off,Lowest price since launch
https://rukminim2.flixcart.com/image/612/612/xif0q/t-shirt/c/s/g/xl-jc24-hnly-hs-lgry-solid-waffle-jump-cuts-original-imah5hyh9hk5dyz3.jpeg?q=70,Men Solid Henley Neck Polyester Grey T-Shirt,Jump Cuts,"₹1,399",₹263,81% off,Hot Deal
https://rukminim2.flixcart.com/image/612/612/xif0q/t-shirt/n/e/a/m-fmt240-pogo-bn-force-original-imah5fsfajarxfcm.jpeg?q=70,Men Solid Round Neck Polyester Brown T-Shirt,Force,"₹1,999",₹295,85% off,Hot Deal
https://rukminim2.flixcart.com/image/612/612/xif0q/t-shirt/b/r/b/l-black-men-gojo-printed-oversize-t-shirt-wearit-original-imah34fe2md2jneq.jpeg?q=70,Men Printed Round Neck Cotton Blend Black T-Shirt,CLOFLIX,₹999,₹248,75% off,Hot Deal
https://rukminim2.flixcart.com/image/612/612/xif0q/t-shirt/x/4/c/m-fmt331-maple-skin-force-original-imah6rrhhaqfzqat.jpeg?q=70,Men Solid Round Neck Polyester Beige T-Shirt,Force,"₹1,999",₹277,86% off,Hot Deal
https://rukminim2.flixcart.com/image/612/612/xif0q/t-shirt/u/z/b/-original-imagyk8pfc6fsn2h.jpeg?q=70,Men Solid Round Neck Polyester Black T-Shirt,Kyk,₹749,₹319,57% off,Hot Deal
https://rukminim2.flixcart.com/image/612/612/xif0q/t-shirt/w/r/p/xl-vmts-501b-coldplay-original-imagyuarywxbxyxm.jpeg?q=70,Men Solid Polo Neck Cotton Blend Light Green T-Shirt,Coldplay,₹999,₹398,60% off,
https://rukminim2.flixcart.com/image/612/612/xif0q/t-shirt/y/c/c/xl-ncc-tshirt-r-me-original-imah9nfbsqhuqwuz.jpeg?q=70,Men Solid Polo Neck Polycotton Blue T-Shirt,R-ME,₹999,₹297,70% off,Only few left
https://rukminim2.flixcart.com/image/612/612/xif0q/t-shirt/8/s/o/xxl-mario-combraided-original-imaha89hehptvey6.jpeg?q=70,Men Self Design Polo Neck Polycotton Pink T-Shirt,COMBRAIDED,"₹1,499",₹294,80% off,Hot Deal
https://rukminim2.flixcart.com/image/612/612/xif0q/t-shirt/0/c/s/xl-men-polyester-compression-half-sleeves-tshirt-kyk-original-imagn8mndejjmus7.jpeg?q=70,Men Solid Round Neck Nylon Black T-Shirt,Kyk,₹499,₹299,40% off,Hot Deal
https://rukminim2.flixcart.com/image/612/612/xif0q/t-shirt/q/i/z/xxl-ts113-vebnor-original-imahctkcznjug9gb.jpeg?q=70,Men Solid Polo Neck Polyester White T-Shirt,VeBNoR,₹999,₹257,74% off,Hot Deal
https://rukminim2.flixcart.com/image/612/612/xif0q/t-shirt/m/z/m/s-ts53-vebnor-original-imah8nm5vgunbsce.jpeg?q=70,Men Solid Polo Neck Polyester White T-Shirt,VeBNoR,₹999,₹257,74% off,Hot Deal
https://rukminim2.flixcart.com/image/612/612/xif0q/t-shirt/e/e/j/m-tdgy-mrrnplaind164-tripr-original-imah8cnnvybxmj5w.jpeg?q=70,Pack of 2 Men Solid Round Neck Cotton Blend Multicolor ...,TRIPR,"₹1,499",₹305,79% off,Hot Deal
https://rukminim2.flixcart.com/image/612/612/xif0q/t-shirt/m/b/x/s-cozi-2121-lux-cozi-original-imahd9c52swqg94k.jpeg?q=70,Men Solid Polo Neck Cotton Blend White T-Shirt,LUX cozi,₹399,₹359,10% off,"Buy 2 items, save extra 5%"
https://rukminim2.flixcart.com/image/612/612/xif0q/t-shirt/f/f/i/s-tbl-gyrnplaind164-tripr-original-imah8cnn82bx8mvh.jpeg?q=70,Pack of 2 Men Solid Round Neck Cotton Blend Multicolor ...,TRIPR,"₹1,499",₹335,77% off,Hot Deal
https://rukminim2.flixcart.com/image/612/612/xif0q/t-shirt/f/3/1/m-fsmtsrt-2043-kajaru-original-imah98wy5hhmg32p.jpeg?q=70,Men Printed Round Neck Polyester Green T-Shirt,KAJARU,₹999,₹294,70% off,Hot Deal
https://rukminim2.flixcart.com/image/612/612/xif0q/t-shirt/r/2/d/xl-xl-size-mtex-original-imah26mynyxqcw7c.jpeg?q=70,Men Solid Polo Neck Pure Cotton Black T-Shirt,M TEX,₹629,₹217,65% off,Hot Deal
https://rukminim2.flixcart.com/image/612/612/xif0q/t-shirt/z/c/i/s-ts24-vebnor-original-imahafddyhhf5f7w.jpeg?q=70,"Men Printed Polo Neck Polyester Orange, Black T-Shirt",VeBNoR,₹999,₹176,82% off,Hot Deal
